{"0": {"diameter": 102.58739342158198, "min_x": -19.04996681213379, "min_y": -38.10270309448242, "min_z": -28.588294982910156, "size_x": 38.10079574584961, "size_y": 76.2079963684082, "size_z": 57.160661697387695, "symmetries_continuous": [], "symmetries_discrete": []}, 
"1": {"diameter": 121.97952267409495, "min_x": 38.089813232421875, "min_y": -38.096641540527344, "min_z": 28.573715209960938, "size_x": 76.21129608154297, "size_y": 76.20936584472656, "size_z": 57.15431213378906, "symmetries_continuous": [], "symmetries_discrete": []}, 
"4": {"diameter": 86.95138144665752, "min_x": -25.400001525878906, "min_y": -25.400001525878906, "min_z": -25.400001525878906, "size_x": 50.80000114440918, "size_y": 50.80000114440918, "size_z": 50.80000114440918, "symmetries_continuous": [], "symmetries_discrete": []}, 
"8": {"diameter": 58.73145288098693, "min_x": -28.523679733276367, "min_y": -14.930002212524414, "min_z": -28.399967193603516, "size_x": 57.05550003051758, "size_y": 29.930004119873047, "size_z": 56.82021713256836, "symmetries_continuous": [], "symmetries_discrete": [[0.9324722, 0.0, 0.3612417, 0.0, 0.0, 1.0, 0.0, 0.0, -0.3612417, 0.0, 0.9324722, 0.0, 0.0, 0.0, 0.0, 1.0], [0.73900883795395, 0.0, 0.67369568546148, 0.0, 0.0, 1.0, 0.0, 0.0, -0.67369568546148, 0.0, 0.73900883795395, 0.0, 0.0, 0.0, 0.0, 1.0], [0.4457382222475929, 0.0, 0.8951633068902836, 0.0, 0.0, 1.0, 0.0, 0.0, -0.8951633068902836, 0.0, 0.4457382222475929, 0.0, 0.0, 0.0, 0.0, 1.0], [0.09226818596463414, 0.0, 0.9957341312949561, 0.0, 0.0, 1.0, 0.0, 0.0, -0.9957341312949561, 0.0, 0.09226818596463417, 0.0, 0.0, 0.0, 0.0, 1.0], [-0.2736631719805616, 0.0, 0.9618255123774772, 0.0, 0.0, 1.0, 0.0, 0.0, -0.9618255123774772, 0.0, -0.2736631719805616, 0.0, 0.0, 0.0, 0.0, 1.0], [-0.6026347832303035, 0.0, 0.7980170020691029, 0.0, 0.0, 1.0, 0.0, 0.0, -0.7980170020691029, 0.0, -0.6026347832303035, 0.0, 0.0, 0.0, 0.0, 1.0], [-0.8502172005716304, 0.0, 0.5264318559835346, 0.0, 0.0, 1.0, 0.0, 0.0, -0.5264318559835346, 0.0, -0.8502172005716304, 0.0, 0.0, 0.0, 0.0, 1.0], [-0.9829730420845166, 0.0, 0.18374916399531288, 0.0, 0.0, 1.0, 0.0, 0.0, -0.1837491639953129, 0.0, -0.9829730420845166, 0.0, 0.0, 0.0, 0.0, 1.0], [-0.9829728954684874, 0.0, -0.18374986557791212, 0.0, 0.0, 1.0, 0.0, 0.0, 0.18374986557791212, 0.0, -0.9829728954684874, 0.0, 0.0, 0.0, 0.0, 1.0], [-0.850216784561734, 0.0, -0.5264324412180987, 0.0, 0.0, 1.0, 0.0, 0.0, 0.5264324412180987, 0.0, -0.850216784561734, 0.0, 0.0, 0.0, 0.0, 1.0], [-0.60263416557643, 0.0, -0.7980173732376257, 0.0, 0.0, 1.0, 0.0, 0.0, 0.7980173732376258, 0.0, -0.60263416557643, 0.0, 0.0, 0.0, 0.0, 1.0], [-0.2736624536323236, 0.0, -0.961825606112021, 0.0, 0.0, 1.0, 0.0, 0.0, 0.9618256061120211, 0.0, -0.2736624536323235, 0.0, 0.0, 0.0, 0.0, 1.0], [0.09226888685950604, 0.0, -0.9957339289239213, 0.0, 0.0, 1.0, 0.0, 0.0, 0.9957339289239214, 0.0, 0.09226888685950618, 0.0, 0.0, 0.0, 0.0, 1.0], [0.4457387891535912, 0.0, -0.8951628377720969, 0.0, 0.0, 1.0, 0.0, 0.0, 0.8951628377720969, 0.0, 0.4457387891535914, 0.0, 0.0, 0.0, 0.0, 1.0], [0.7390091746410018, 0.0, -0.6736950227458055, 0.0, 0.0, 1.0, 0.0, 0.0, 0.6736950227458054, 0.0, 0.739009174641002, 0.0, 0.0, 0.0, 0.0, 1.0], [0.9324722461959126, 0.0, -0.3612409494259189, 0.0, 0.0, 1.0, 0.0, 0.0, 0.36124094942591867, 0.0, 0.9324722461959127, 0.0, 0.0, 0.0, 0.0, 1.0], [0.9999997415294771, 0.0, 7.165773546773343e-07, 0.0, 0.0, 1.0, 0.0, 0.0, -7.165773549550365e-07, 0.0, 0.9999997415294772, 0.0, 0.0, 0.0, 0.0, 1.0]]},
"10": {"diameter": 112.29974525559943, "min_x": -42.0369987487793, "min_y": -38.31126403808594, "min_z": -18.150001525878906, "size_x": 84.02400207519531, "size_y": 76.68130493164062, "size_z": 36.29999923706055, "symmetries_continuous": [], "symmetries_discrete": []}, 
"11": {"diameter": 185.34034331127518, "min_x": -28.575000762939453, "min_y": -28.575000762939453, "min_z": -127.0, "size_x": 57.150001525878906, "size_y": 56.91062355041504, "size_z": 171.45000076293945, "symmetries_continuous": [], "symmetries_discrete": []}, 
"14": {"diameter": 178.11894413881433, "min_x": -35.218692779541016, "min_y": -88.92027282714844, "min_z": -35.21704864501953, "size_x": 70.45498657226562, "size_y": 177.9159698486328, "size_z": 70.4549674987793, "symmetries_continuous": [{"axis": [0, 1, 0], "offset": [0, 0, 0]}], "symmetries_discrete": [[1.0, 0.0, 0.0, 0.0, 0.0, -1.0, 0.0, 0.0, 0.0, 0.0, -1.0, 0.0, 0.0, 0.0, 0.0, 1.0], [-1.0, 0.0, 0.0, 0.0, 0.0, -1.0, 0.0, 0.0, 0.0, 0.0, 1.0, 0.0, 0.0, 0.0, 0.0, 1.0]]}, 
"18": {"diameter": 148.11685868070887, "min_x": -63.45859146118164, "min_y": -0.8890126943588257, "min_z": -63.500003814697266, "size_x": 127.00000762939453, "size_y": 1.7780144214630127, "size_z": 127.00000762939453, "symmetries_continuous": [], "symmetries_discrete": [[1.0, 0.0, 0.0, 0.0, 0.0, -1.0, 0.0, 0.0, 0.0, 0.0, -1.0, 0.0, 0.0, 0.0, 0.0, 1.0]]}, 
"19": {"diameter": 203.68386802045495, "min_x": -75.29227447509766, "min_y": -92.07649993896484, "min_z": -9.524999618530273, "size_x": 150.5845489501953, "size_y": 184.07649993896484, "size_z": 19.049999237060547, "symmetries_continuous": [], "symmetries_discrete": [[-1.0, 0.0, 0.0, 0.0, 0.0, 1.0, 0.0, 0.0, 0.0, 0.0, -1.0, 0.0, 0.0, 0.0, 0.0, 1.0]]}, 
"20": {"diameter": 159.66664515304063, "min_x": -70.13574981689453, "min_y": -38.10000228881836, "min_z": -23.114004135131836, "size_x": 140.27149963378906, "size_y": 76.20000839233398, "size_z": 46.22800827026367, "symmetries_continuous": [], "symmetries_discrete": [[-1.0, 0.0, 0.0, 0.0, 0.0, -1.0, 0.0, 0.0, 0.0, 0.0, 1.0, 0.0, 0.0, 0.0, 0.0, 1.0]]}}