{
  "cx": 1908.6146087646484,
  "cy": 1103.989730834961,
  "depth_scale": 0.1,
  "fx": 3920.8190044234093,
  "fy": 3920.8190044234093,
  "height": 2160,
  "width": 3840
}
