{
  "cx": 1954.1872863769531,
  "cy": 1103.6978149414062,
  "depth_scale": 0.1,
  "fx": 3981.985991142684,
  "fy": 3981.985991142684,
  "height": 2160,
  "width": 3840
}
