{
  "cx": 1890.7140045166016,
  "cy": 1075.8029479980469,
  "depth_scale": 0.1,
  "fx": 3908.143157924693,
  "fy": 3908.143157924693,
  "height": 2160,
  "width": 3840
}
